w,r,n,R,P,U,C_entropy_topsis,C_equal_topsis,grey_grade
0.215,4.5,4,0.7413876812265994,0.0842314491823132,0.772162889677775,0.8674468384769027,0.7268161907881041,0.8826433194886472
0.22,4.5,4,0.7412558776363958,0.0847113829476935,0.7719333339609218,0.8671288938722123,0.7277273530084611,0.8825538526095835
0.21,4.5,4,0.7415903835020228,0.0838135476870081,0.7725802110738818,0.8666481333694971,0.7246162615428922,0.8802307089563959
0.225,4.5,4,0.7411992197264785,0.0852579567594867,0.7719038729445984,0.8658036091209724,0.7272969355552286,0.8797368924100495
0.205,4.5,4,0.7418596275471375,0.0834529898183991,0.7731726369898488,0.8645014809552075,0.7211545225063292,0.875593574380721
0.2,4.5,4,0.7421909544345011,0.0831450141368211,0.7739272048904721,0.860708979524348,0.7164436436774831,0.8690422399909286
0.195,4.5,4,0.7425798113155138,0.0828847945917701,0.7748306822790932,0.85497418515184,0.710493553169329,0.8609013388042948
0.19,4.5,4,0.7430215596735827,0.0826674488041646,0.7758695986705944,0.8470713502152957,0.7033220298990381,0.8514938572016042
0.185,4.5,4,0.7435114837335828,0.0824880464354791,0.777030278051628,0.8368972554496973,0.6949634945636216,0.8411286041122963
0.18,4.5,4,0.7440447989984393,0.0823416176222575,0.7782988717399099,0.8244909966241619,0.6854753361633127,0.8300913832988606
0.175,4.5,4,0.7446166609071508,0.0822231614668672,0.7796613915561584,0.8100211331071044,0.6749414098364679,0.818639654640059
0.17,4.5,4,0.7452221735878264,0.0821276545668184,0.7811037432305304,0.7937526123567253,0.6634727000262111,0.8070001622424559
0.215,3.65,4,0.7408068506927731,0.1029469060337842,0.7724678461768576,0.7903692733720491,0.6810599195410221,0.7968793177340071
0.21,3.65,4,0.741032742397047,0.1025242278970258,0.7729357958987194,0.7902529800980964,0.6790743688154709,0.7927349629391915
0.22,3.65,4,0.7406439706464444,0.1034331428355578,0.772158476412004,0.7893703924095067,0.6817511055096078,0.7990535095676488
0.225,3.65,4,0.7405483763907139,0.1039874342081973,0.7720205250386363,0.7873112624738721,0.6811004335508499,0.7990203461877685
0.215,3.6,4,0.7399647348598952,0.1044959071263237,0.7723437896772586,0.7853106101304168,0.6837522451987553,0.7947864448114939
0.21,3.6,4,0.7401975075423544,0.1040726117648449,0.7728460163120079,0.7851577758360823,0.681708564564505,0.7901568730776012
0.22,3.6,4,0.7397945096950208,0.1049828817665395,0.77199851488131,0.7843534341180922,0.6845019149873884,0.7974748810013481
0.23,3.65,4,0.7405242261892604,0.1046141848380866,0.7720665038549124,0.78417763242922,0.6790389484591742,0.7965880982112632
0.205,3.6,4,0.7404884439332406,0.1037084298912314,0.7734920552898858,0.7837811752583093,0.6783974223140647,0.7838604807936292
0.225,3.6,4,0.7396911078470785,0.1055380178236953,0.771823038268137,0.7823524660829659,0.6839186547324351,0.7979747827781293
0.23,3.6,4,0.7396586894542587,0.1061657060421807,0.7718298819087264,0.7793083107055615,0.6819425336390138,0.7960820106995092
0.215,3.55,4,0.7391030568035796,0.106122226576022,0.7723851196653555,0.7791345104217827,0.6855486872408266,0.7909062524133111
0.21,3.55,4,0.7393433367153845,0.1056983443741167,0.7729253308271824,0.7788548504308778,0.6834214968479553,0.7857917537827224
0.22,3.55,4,0.738924860000085,0.1066099069471077,0.7720002303166305,0.7782840319534772,0.6863748517661944,0.7941242687456258
0.205,3.55,4,0.7396413144825613,0.1053337088528573,0.7736077212721079,0.7773249433787689,0.6800122289188242,0.7790607403236596
0.225,3.55,4,0.7388130237581083,0.1071658531249908,0.7717835145175825,0.776379891896315,0.6858697223422492,0.7951896463114565
0.165,4.5,4,0.7458563987026036,0.0820500595651737,0.7826117599470802,0.7760090583188879,0.651205474281947,0.7953688701360844
0.23,3.55,4,0.7387717100868881,0.1077944411796307,0.7717475021078581,0.7734371026643292,0.6839827698414549,0.7938865500434567
0.215,3.5,4,0.7382334972065616,0.107829913140311,0.7726196591580801,0.7716697912994841,0.6861805169638826,0.7849309320064277
0.21,3.5,4,0.7384819059135412,0.107405485370392,0.7732015510336622,0.7711508406907962,0.6839325001054876,0.7793497766794188
0.22,3.5,4,0.7380467067772793,0.1083182554035661,0.7721914547966511,0.7710118135665378,0.6871117762443465,0.7886771535590669
0.205,3.5,4,0.7387875462318125,0.1070404356236775,0.773923987400358,0.7693308464904444,0.6803796697929763,0.7722166419076464
0.225,3.5,4,0.7379258137087429,0.1088749645780089,0.7719297925421081,0.7692622887317141,0.6867044166181807,0.7903257408837543
0.23,3.5,4,0.7378749818678547,0.1095044013391859,0.771847207487724,0.7664499467237823,0.6849174280027936,0.7896506599827064
0.22,4.5,2,0.7599178959113774,0.0760319017007909,0.7792933813915763,0.7633027770092873,0.5671005360801366,0.8504480210199887
0.215,3.45,4,0.7373676958574261,0.1096229248652316,0.7730745596766155,0.7626619090627381,0.6853556650118774,0.7766247077001674
0.215,4.5,2,0.7597880581803386,0.0761546973705232,0.7794424920802372,0.762636977452215,0.5672034528225682,0.848276763235696
0.22,3.45,4,0.7371716957137896,0.1101118734860781,0.7725993590029029,0.762306356978024,0.6864345402358902,0.7808786164726623
0.225,4.5,2,0.7601161617072533,0.0759610876512919,0.7793491576968872,0.7622534713780987,0.5658362210545353,0.8504168072425661
0.21,3.45,4,0.7376248488572092,0.1091980036525794,0.77370180687822,0.7617670141376528,0.6829345699181764,0.7706144610856072
0.225,3.45,4,0.7370411291057786,0.1106692860060779,0.7722890597551497,0.7607926814198644,0.6861570890518428,0.7831098754310847
0.21,4.5,2,0.7597224115945322,0.0763247423877054,0.7797845202318276,0.7603024948059774,0.5661984461530145,0.8440824290075117
0.205,3.45,4,0.737938766675151,0.1088325891024159,0.7744679596484394,0.7594966734033342,0.6791772658014354,0.7631305660789567
0.23,4.5,2,0.7603869793323833,0.0759469151072744,0.7796214221262564,0.7593899143474303,0.5633511204420018,0.8480514651044204
0.23,3.45,4,0.7369801617272379,0.1112995070015464,0.7721561997473985,0.7581622152671358,0.6844916027416529,0.7830845618392717
0.16,4.5,4,0.7465143643488743,0.0819853337126075,0.7841712359547353,0.7571408462782522,0.6382974827663905,0.7839125388497163
0.205,4.5,2,0.7597166139045542,0.0765372399908377,0.780307157145622,0.75630765532171,0.5641348994121957,0.8380811397297545
0.22,3.4,4,0.736311394698221,0.1119946098350513,0.7732503351514802,0.7518362345290476,0.6840374203888578,0.770567934892312
0.215,3.4,4,0.7365172133851685,0.1115051220363513,0.7737761841407449,0.7517529096436155,0.6827515470788945,0.7658468800264713
0.225,3.4,4,0.7361705448985159,0.1125526535777053,0.7728877352108587,0.7506668377656379,0.6839379514112375,0.7733607620092555
0.21,3.4,4,0.7367837187301827,0.1110797703077944,0.7744524295396776,0.7503205493637265,0.6800878485206964,0.75946401400504
0.23,3.4,4,0.7360988314624899,0.1131835810458197,0.7727009223059985,0.7482967952866858,0.6824300813073771,0.7739866049478965
0.22,3.35,4,0.7354772559392995,0.1139702084908357,0.7741698832006881,0.7391558076884344,0.6795819584355015,0.7576967158575925
0.215,3.35,4,0.7356934933845778,0.1134802602646611,0.7747499930715046,0.7384703473504652,0.678011003832187,0.752567997250998
0.225,3.35,4,0.7353255216918989,0.1145287989310396,0.7737513558319633,0.7384684903870511,0.6797271383022783,0.7610090363375898
0.155,4.5,4,0.7471910740169418,0.0819284374205273,0.7857679601401979,0.7375024752813717,0.624922852940168,0.7727713509931178
0.23,3.35,4,0.735242459848193,0.1151603418989891,0.7735069465574048,0.7364682004913019,0.6784309268004173,0.76226498970086
0.21,3.35,4,0.7359699503146439,0.1130545516801836,0.7754788376441811,0.7363161165624497,0.6750169961470379,0.7458855585394814
0.235,3.35,4,0.7352321177115989,0.1158690479849225,0.7734488485730121,0.7331625442433837,0.6756555853046491,0.7612626010900451
0.22,3.3,4,0.7346805786039622,0.1160423021424172,0.7753825008395692,0.7237035018575322,0.6726972497018254,0.7423367426970151
0.225,3.3,4,0.7345173683785765,0.1166013424516886,0.7749044663789247,0.7236646421534587,0.6731733535429807,0.7461072919851557
0.215,3.3,4,0.7349078250695259,0.1155519837251257,0.7760204346102986,0.722229144116002,0.6707446047413838,0.7368756597804547
0.23,3.3,4,0.734422365251436,0.1172333968302027,0.7745988618430388,0.7221755688293747,0.6721628489580445,0.7479500393071483
0.235,3.3,4,0.7343996184376286,0.1179426575910421,0.7744778779790077,0.7192555922981089,0.6696366146686188,0.7476597948224195
0.21,3.3,4,0.7351948226573888,0.1151260025914969,0.7768054273284712,0.7191517428735997,0.6673158639124787,0.7299791064878685
0.15,4.5,4,0.7478815155762196,0.0818743427922007,0.7873877494994195,0.7174383134357756,0.6112663027921432,0.7620621076536611
0.225,3.25,4,0.7337572054106515,0.1187737867055006,0.776370513670582,0.7056150312918119,0.6639002910483361,0.7288275254100935
0.22,3.25,4,0.7339324721112934,0.1182144055499558,0.7769115777570993,0.7048156730163901,0.6629890063045971,0.724675340568915
0.23,3.25,4,0.7336496789018523,0.1194062354087626,0.7760001696342222,0.7048083314415545,0.6632693704049315,0.7311940261491967
0.235,3.25,4,0.7336139436202643,0.1201159250494014,0.7758127313715896,0.7024217722474233,0.6610737748491369,0.7315703443271633
0.215,3.25,4,0.7341713065818352,0.1177238185531093,0.7776108388573523,0.7023502087480631,0.6605427075637278,0.7189681627224427
0.145,4.5,4,0.7485806702746922,0.0818180421172253,0.7890164824022486,0.6972742501363608,0.597517193442161,0.7518816403195646
0.23,3.2,4,0.7329353089317092,0.1216822231297327,0.7777331823926126,0.6836681756101227,0.6513826355488149,0.7122578528579017
0.225,3.2,4,0.7330559288674563,0.1210495100464967,0.7781717455121587,0.683599115913022,0.6515236754016908,0.7094457592193084
0.235,3.2,4,0.732886013156645,0.1223922022160674,0.7774757833998015,0.6819925918351283,0.6496183998578609,0.7132347554719929
0.22,3.2,4,0.7332438202104445,0.1204899091313251,0.7787792946563645,0.6817587729810455,0.6500601394491626,0.7049984462035257
0.24,3.2,4,0.7329119660404854,0.123183493798638,0.7774113627213903,0.6785609923348427,0.6461929101998671,0.7122093245873642
0.215,3.2,4,0.7334948090904679,0.1199991664157506,0.779543316982851,0.6780974914341763,0.6469997983349577,0.699136514308881
0.14,4.5,4,0.7492835217372354,0.0817545563124699,0.7906401315775494,0.6773129248491214,0.5838638129223996,0.7423101951974235
0.215,4.5,6,0.7350563824433198,0.0960850911936281,0.7905704076172677,0.6650117827005716,0.6673658709296688,0.6911980697307296
0.22,4.5,6,0.7346903563128128,0.0970846564499797,0.7903405641677206,0.6649112792133373,0.6687036077643531,0.6892741984420682
0.21,4.5,6,0.7354998311812513,0.0951614025791614,0.7909791220734054,0.6623829324993323,0.6637309021116151,0.691836725361064
0.225,4.5,6,0.7344059760768169,0.0981645538250654,0.7903020331324813,0.6618999689842902,0.6675894266499159,0.6859656187543695
0.23,3.15,4,0.732289905322277,0.1240645952286553,0.7798189275566136,0.6580087433901383,0.6361487315688493,0.6914865210546677
0.135,4.5,4,0.7499850649437273,0.0816789432993427,0.7922447967347999,0.657830902123513,0.5704881657007949,0.7334146399464552
0.235,3.15,4,0.7322264900390216,0.1247747108516879,0.7794881336342159,0.6572415875905352,0.6349303518068518,0.6929830365991205
0.205,4.5,6,0.736016364001046,0.0943090388078167,0.7915539427364878,0.6572295604777315,0.6579714572689299,0.6913081186691347
0.225,3.15,4,0.7324241754124742,0.1234317604091913,0.7803291147926981,0.6568609983924361,0.6356804859475181,0.6883161779492034
0.23,4.5,6,0.734207342224639,0.0993291345688748,0.7904669022209425,0.6558166166868015,0.6638858755440116,0.681196844174518
0.24,3.15,4,0.7322378559293908,0.1255661335033463,0.7793485396665238,0.654552067004,0.6319924884485132,0.6926402185905125
0.22,3.15,4,0.732625245965873,0.1228720727303307,0.7810065274711753,0.653778892793334,0.6335439907395133,0.6836640139542242
0.2,4.5,6,0.7366015348927336,0.0935233598219403,0.7922818124323434,0.6497809692798876,0.650278031713302,0.6897429138396683
0.215,3.15,4,0.7328889417921661,0.1223812982651163,0.7818386655773608,0.6487310637720437,0.6297516891960168,0.6777376565325607
0.235,4.5,6,0.7340984251151205,0.100582637952748,0.7908468759271126,0.6465159514224529,0.6574711224070545,0.674921224898013
0.195,4.5,6,0.737250798301733,0.0927996454930459,0.7931494132678061,0.6402896506819642,0.6408573108812881,0.6872789807177976
0.13,4.5,4,0.7506803151652126,0.0815863062933836,0.7938167367363195,0.6390768600051955,0.5575614553836349,0.7252514144701367
0.24,4.5,6,0.7340830578633817,0.1019291837029784,0.7914532468813799,0.6338647907305098,0.6482372680328299,0.6671245542015798
0.19,4.5,6,0.7379595172494544,0.0921331039337024,0.7941431988325436,0.6290279232721466,0.6299296065250694,0.6840564774674791
0.235,3.1,4,0.7316457462985512,0.1272665366512296,0.7818695159754049,0.6274344361317874,0.6167110717690192,0.6712041011179966
0.23,3.1,4,0.7317238258653871,0.1265564506848756,0.7822770570830547,0.6270906169401218,0.6172647430081106,0.6692774852850256
0.24,3.1,4,0.731641977678159,0.1280579125564376,0.7816513623338991,0.6256885515311116,0.6143775737397686,0.6714584810347928
0.225,3.1,4,0.731872288283521,0.1259236492940401,0.782862189158579,0.6246683876803675,0.6160699868869681,0.6658390868824385
0.245,3.1,4,0.7317163135371323,0.128934469270317,0.7816340060089776,0.6218133284990179,0.6102164526116484,0.6699105940343111
0.125,4.5,4,0.7513643168506239,0.0814718020012617,0.79534240124285,0.6212703760826328,0.545240392126282,0.7178691987673742
0.22,3.1,4,0.732087077766878,0.1253640195891018,0.7836127571932535,0.6201633965146094,0.6131491559178189,0.661070157250737
0.185,4.5,6,0.7387229716028226,0.0915188799101546,0.7952494268764502,0.6162831207119466,0.6177256038765429,0.6802137412420741
0.12,4.5,4,0.7520321524363115,0.0813306487070967,0.7968084617508577,0.6046012255845254,0.5336644226809347,0.7113113060622748
0.18,4.5,6,0.7395363664808041,0.0909520633483414,0.7964541923632144,0.6023520090824984,0.6044827405158032,0.6758840879746002
0.235,3.05,4,0.7311538300854348,0.129870623473973,0.7846382139763859,0.5918903287970544,0.5947473014692687,0.6483121988570921
0.24,3.05,4,0.7311343945341305,0.1306617610032463,0.7843382035716973,0.5912893711020603,0.5931336933197205,0.6490706611719115
0.23,3.05,4,0.7312471032644114,0.1291607464330578,0.7851257629216175,0.5902458347711744,0.594526159674094,0.6460470449540403
0.115,4.5,4,0.7526789510698689,0.081158134231437,0.7982018419455469,0.589229287884677,0.5229539552825415,0.705617831942587
0.245,3.05,4,0.7311925920044254,0.131538028399679,0.7842371316491041,0.588402806202176,0.5896405331154028,0.6481941170885768
0.175,4.5,6,0.7403948407976314,0.0904276979083094,0.7977434608317887,0.5875349582441468,0.5904414547458353,0.6711935225194624
0.225,3.05,4,0.7314102844171728,0.1285281459583686,0.7857890666687537,0.5863789286095993,0.5925045322121835,0.6424278203274483
0.22,3.05,4,0.7316393164840526,0.127968730517025,0.7866159857172798,0.5803076904606147,0.5887132788335486,0.6376230202283022
0.11,4.5,4,0.7532998972283061,0.0809496237533505,0.7995097473037718,0.5752852299550862,0.5132096220452003,0.7008276039753767
0.105,4.5,4,0.7538902392080418,0.0807005674784563,0.8007196938571993,0.5628721265788221,0.504512580802124,0.6969799846652844
0.1,4.5,4,0.754445297487772,0.0804065081420504,0.8018195360631608,0.552068109145854,0.4969258048378565,0.6941165856160867
0.24,3.0,4,0.730724815353682,0.1333804617400709,0.7874259170241621,0.5507759694362311,0.5681701417960353,0.6258837257209184
0.235,3.0,4,0.7307604339881975,0.1325897677876241,0.787810982439534,0.5500499166280371,0.5689640890803889,0.6247154087599174
0.245,3.0,4,0.7307663546577576,0.134256220980072,0.787237890005505,0.5490767260339843,0.5654547480969582,0.6255808663801274
0.23,3.0,4,0.7308694134917598,0.1318802917862068,0.7883816988111926,0.5469471766282731,0.5678828008777038,0.6221996649594306
0.225,3.0,4,0.7310478228361698,0.1312480718195074,0.7891262977926571,0.5415099327830246,0.564968008289723,0.6184792620565168
0.225,3.2,6,0.7306126041699094,0.1343656144510107,0.7915793254286855,0.5034731078832191,0.541543192385942,0.6011252353363761
0.23,3.2,6,0.730479317360064,0.1355505262407896,0.7911966038205576,0.5033096271390961,0.5401744941825288,0.6016939584100482
0.235,3.2,6,0.7304237060861736,0.1368263151655325,0.7909871333241519,0.5008507650931473,0.5369733663902432,0.6010764716750997
0.24,3.2,6,0.7304496433432365,0.1381968266847273,0.790962852965937,0.49601832277024005,0.5318926289808719,0.5991817565345856
0.23,3.15,6,0.7302162172880426,0.1379630597461285,0.7932547116116349,0.47231014525135934,0.5213115145439141,0.5881832506057982
0.225,3.15,6,0.7303551023457563,0.1367783329184867,0.7937060723030718,0.4713561975027591,0.5220171531460629,0.5873060053528842
0.235,3.15,6,0.730154535649679,0.1392386624198155,0.7929748934991765,0.47095372685086845,0.5187931268038906,0.5879503997549735
0.24,3.15,6,0.7301739313714248,0.1406089660494065,0.7928785494785667,0.4672062190317639,0.514415463341797,0.5865161213883204
0.23,3.1,6,0.7300463229011284,0.1404862239480334,0.7956994973384678,0.4364877851872462,0.49979799768562433,0.5733285955598337
0.235,3.1,6,0.7299780292608802,0.1417614334262075,0.7953460576248025,0.43633891059548263,0.49801258422239275,0.5734385750130481
0.24,3.1,6,0.7299903383224744,0.1431313086034292,0.7951743403497925,0.43378987143013675,0.49439404017231225,0.5724282269393131
0.235,3.05,6,0.7299038550924275,0.144397565717903,0.7981188455643141,0.39680365993167965,0.4747445580173335,0.557757726164497
0.24,3.05,6,0.7299085469505944,0.145766777945327,0.7978685392452793,0.39555846074324774,0.47192687744615763,0.5571273528926841
0.19,3.7,10,0.7321611445766384,0.1199914457877719,0.8085830561608632,0.3679429058705819,0.4800018390027377,0.5527955789046783
0.19,3.65,10,0.7310886885435928,0.1214405317958013,0.8081698204103497,0.36792580729903823,0.485385602138178,0.5536530035005048
0.195,3.65,10,0.730345745394258,0.1227840681513538,0.8077680713048433,0.3677538606747797,0.4885503486088966,0.5540895994351723
0.195,3.7,10,0.7313985254245338,0.1213325814037751,0.8081971520749041,0.3674878194867967,0.48328258396076984,0.5530560034960912
0.185,3.7,10,0.7329841892430071,0.1187314057826847,0.8090377897694645,0.3674239112797765,0.47556529561908634,0.5521571043257725
0.185,3.65,10,0.7318915873219791,0.1201782377033734,0.8086387321626698,0.3671372313518171,0.48107246396637826,0.5528402592770925
0.2,3.65,10,0.7296674482316445,0.1242133400574706,0.8074469045121211,0.36643735587998894,0.490455709748035,0.5540794527884545
0.19,3.75,10,0.7332421215901942,0.1186114545942342,0.8091625777935822,0.36626446370658333,0.47329497267859005,0.551452797071223
0.18,3.7,10,0.7338628849541728,0.1175478696050512,0.8095478278185844,0.36611860984270395,0.4701061486196439,0.5512090034754535
0.195,3.6,10,0.7293123629468757,0.1243087282881224,0.8075298551270185,0.36596299643238844,0.4922337821574465,0.5545123399801946
0.2,3.7,10,0.7307010224076126,0.1227593184717838,0.8078934971500297,0.36587321530717987,0.4852891384174878,0.5528694193285423
0.19,3.6,10,0.7300362530214596,0.1229628234736338,0.8079510814194236,0.3658325677302849,0.48916914229204933,0.553892070117276
0.18,3.65,10,0.7327496678208391,0.1189926063866551,0.8091612838328172,0.3655750002727161,0.475736564464459,0.5517212124602926
0.195,3.75,10,0.7324592002462534,0.119950165406655,0.8087888590768844,0.3655458212033298,0.4766980615007812,0.5515469427501374
0.2,3.6,10,0.7286526484470965,0.1257404992522506,0.8071875525592105,0.3649716563860298,0.4940618049415435,0.5546876165660102
0.185,3.6,10,0.7308196287282022,0.1216983048358529,0.8084378138671953,0.36476273721579827,0.48497205625008294,0.5528988415257592
0.205,3.65,10,0.729058395547885,0.1257327464193829,0.8072196038809277,0.3637990162682676,0.49100667560088307,0.5535524697344167
0.175,3.65,10,0.7336580810241675,0.1178789804586951,0.8097238825885238,0.36342477415861063,0.46951615824669746,0.55036398778791
0.18,3.6,10,0.7316577168688854,0.1205106059375402,0.8089765341824691,0.3629390822123434,0.4797609888706768,0.5516037110404364
0.205,3.6,10,0.7280617078903104,0.1272625217158104,0.8069374578270126,0.36268328376902126,0.49456440924195,0.5543461435694339
0.195,3.55,10,0.7283098178337882,0.1259105868155992,0.80751015661951,0.36177735623573,0.49411866577248087,0.5541929110577383
0.19,3.55,10,0.7290152730230147,0.1245623541072588,0.8079544552095264,0.36132684733548043,0.4911292909741242,0.553384459929855
0.2,3.55,10,0.7276680673743157,0.1273448119324716,0.8071431282890291,0.361137247163956,0.49590127927157107,0.5545597904987352
0.175,3.6,10,0.7325456694373156,0.1193950821607166,0.8095536562840993,0.3605463456867651,0.4736669599182292,0.5500757882036467
0.185,3.55,10,0.7297797435843791,0.1232956478955221,0.8084626107472415,0.3599663080185184,0.48703128013589264,0.5522076476857862
0.205,3.55,10,0.7270946197212584,0.1288694005012133,0.8068666524016008,0.35923329013720495,0.49639366605259466,0.5544119250273293
0.21,3.6,10,0.72754403991377,0.1288790783713549,0.8067926891355409,0.3589333646972378,0.4936685821901159,0.5534179729317258
0.18,3.55,10,0.7305984571943049,0.1221059155421319,0.8090211115014622,0.3578797526329064,0.48193654859679363,0.5507344683524988
0.17,3.6,10,0.7334785722072457,0.1183470190743902,0.8101555593395545,0.35776443319432183,0.46683123228808204,0.5483815456756141
0.21,3.55,10,0.7265939735001962,0.1304886206896878,0.8066938475966307,0.355903268825837,0.4955272638039923,0.5536777172191303
0.175,3.55,10,0.7314665670276798,0.1209885259372455,0.8096163802073686,0.3552505148344068,0.4759692853015205,0.5490347399725277
0.195,3.5,10,0.7273494492900912,0.1275935839982911,0.8077359248779471,0.35491887979101205,0.49405124339262474,0.553009378466196
0.235,4.5,8,0.733887126093818,0.1127910903053563,0.8133837868829041,0.3546823194606463,0.46584393136301017,0.550699531238189
0.2,3.5,10,0.7267250502249223,0.1290302091829366,0.8073406241534862,0.354652813352051,0.49582643760252737,0.5535706056043153
0.19,3.5,10,0.7280370816202191,0.1262430722948646,0.8082068443574599,0.3541348157653944,0.4911052501003551,0.5520118068872188
0.205,3.5,10,0.7261684820193257,0.1305573038481255,0.8070342202198538,0.3531652733723668,0.49635171810437795,0.5536212166067295
0.215,3.45,8,0.7308152799970208,0.1320494388788191,0.8055381978923831,0.352572660601481,0.4660766292705084,0.5442119329798013
0.185,3.5,10,0.7287832586262738,0.1249742229625044,0.808739975729596,0.35247944649273444,0.4870814580064901,0.5506519470204824
0.17,3.55,10,0.7323791603427413,0.1199387778522989,0.8102348070703715,0.35225716337253865,0.4692638655369449,0.5471754308578813
0.215,3.55,10,0.7261705199031276,0.1322066299207915,0.8066376368953075,0.3509994085136267,0.4932481591557267,0.5522889356081282
0.22,3.45,8,0.7305151187149238,0.1335098631668305,0.8052831461964954,0.3504901420602443,0.4649913385582638,0.5435293483275865
0.21,3.5,10,0.7256842431030629,0.1321791208970643,0.8068298298981209,0.350296164193352,0.4955620042350212,0.5530882595863004
0.18,3.5,10,0.729583209048701,0.1237824978973841,0.8093218159666358,0.35013502537805374,0.4820860157861595,0.5490023974132191
0.175,3.5,10,0.7304320874263103,0.1226632802324432,0.8099387987193565,0.34728299437636734,0.47623686584145997,0.5471333573654146
0.225,3.45,8,0.7302932522732707,0.1350655253662843,0.8051747419812088,0.34642512169769873,0.46224383054807305,0.542074383177112
0.215,3.5,10,0.7252767247484402,0.133899802295668,0.80674037676372,0.34590015651127104,0.4934059385932346,0.5519019008416877
0.2,3.45,10,0.7258348059456006,0.1308005303199307,0.8078062219858476,0.34531234108576064,0.49375042698904464,0.5516090516824762
0.195,3.45,10,0.7264424589331246,0.1293615683701499,0.8082332890592655,0.3451889039345463,0.49194165261041695,0.5508547136071517
0.22,3.55,10,0.7258285348788515,0.13402746716445,0.8067107160797724,0.3443918116736207,0.4895165710092662,0.5501826973524743
0.205,3.45,10,0.7252945108347141,0.1323300610225008,0.8074663925799878,0.3442674215070422,0.4943537781962632,0.5518591572474618
0.19,3.45,10,0.7271128728912548,0.1280088349465667,0.8087343221729155,0.34406683607590954,0.48900324645731424,0.5496711270797235
0.185,3.45,10,0.7278413602081139,0.1267378944678168,0.8092959231361664,0.34212329010766357,0.4850240745387564,0.5481328042969751
0.24,4.5,8,0.7336909633326012,0.1146167957899622,0.8140532513173805,0.3420050791613461,0.45760649793718755,0.5447884570462201
0.21,3.45,10,0.7248260716264688,0.1339543973888941,0.8072269135662044,0.3418958355775905,0.49368912247617674,0.5515310941018874
0.215,3.4,8,0.730271267442439,0.1339492863635367,0.8061009817840145,0.3404820455995382,0.46095370670231567,0.54058536122412
0.23,3.45,8,0.7301537611742981,0.136720402075053,0.8052255019715971,0.34022762064672213,0.45777575438747187,0.5397878876565192
0.21,3.4,8,0.7306388232760891,0.1325789584487658,0.806533448723942,0.34017982363327204,0.46019921922745227,0.5403487506551277
0.22,3.5,10,0.724950203259324,0.1357233713863515,0.8067785595501891,0.33985019077167244,0.48984534435667076,0.5499974295304311
0.18,3.45,10,0.7286231508934811,0.1255442240911156,0.8099045998068719,0.33953856659093956,0.48010539713093137,0.546312565398359
0.22,3.4,8,0.7299773312219098,0.13541083399839,0.8058007524313998,0.3390308650571505,0.4601659101224773,0.5401311681002157
0.215,3.45,10,0.7244338794656207,0.1356776652024383,0.8071007067747915,0.338054428061473,0.4917067943573516,0.55055376601304
0.225,3.4,8,0.7297612210926095,0.1369676827259035,0.8056455733776164,0.3356560087822846,0.45776389704210135,0.5389175099604235
0.2,3.4,10,0.7250083705518207,0.1326595160421964,0.8085651801504382,0.3330102374610639,0.4896473029054659,0.5485838433375374
0.22,3.45,10,0.7241222108055683,0.1375038714556439,0.8071004715840591,0.3326189097873901,0.4883695482964885,0.548860927490219
0.195,3.4,10,0.7255998741462499,0.1312182898730937,0.809027445686521,0.3324958721629795,0.48776481560451956,0.5476420067705905
0.205,3.4,10,0.7244837505705555,0.1341914026490483,0.8081884864901039,0.3324227454475856,0.4903724199326706,0.5490301270748277
0.225,3.5,10,0.7247088323700513,0.1376537253794802,0.8069568210744625,0.33204143622971943,0.4848547570115717,0.5473173841484305
0.235,3.45,8,0.7301005933565364,0.1384783408667764,0.8054476155679076,0.33176904840306937,0.451544055307197,0.5366214360523968
0.19,3.4,10,0.7262536653661117,0.129863400405253,0.8095620201686285,0.33104807998979474,0.4847984274444148,0.5462798702077372
0.21,3.4,10,0.7240305115926406,0.1358181698988555,0.8079104710150818,0.3305764359562179,0.48987913449534415,0.5489063747996938
0.23,3.4,8,0.7296270184285849,0.13862379207336,0.8056479627976317,0.3302086688100416,0.4536909141368553,0.5368835390273874
0.185,3.4,10,0.7269650578041802,0.1285904283036704,0.810155516336071,0.32884241015137927,0.48083385314770904,0.544571964765231
0.215,3.4,10,0.723653044406358,0.1375439266766936,0.8077440514791175,0.32732992385229437,0.4881186541223466,0.5481406433417019
0.245,4.5,8,0.7335982828562967,0.1165514719837023,0.8149500529695752,0.327207661928291,0.44729586419978323,0.5380072493114942
0.225,3.45,10,0.7238952197982998,0.1394368968706804,0.807238653879515,0.3254880057462248,0.48365213691071224,0.5463933314122398
0.22,3.35,8,0.7294963821494204,0.1374053126584377,0.8066115112472466,0.3242999377494496,0.4533610145212172,0.5356125464686337
0.235,3.4,8,0.7295786722604816,0.1403829924216867,0.8058201139473168,0.3225632349428356,0.4479053627965204,0.5339786320671523
0.22,3.4,10,0.7233556253863678,0.1393726629184434,0.8077019255680119,0.32256147622562015,0.4850540347143133,0.5466655288322253
0.225,3.35,8,0.7292854337787581,0.1389632127430606,0.8064060381285109,0.3216587790507952,0.4513418018626639,0.5346423698776419
0.2,3.35,10,0.7242565710869271,0.1346108017187949,0.8096417244385615,0.31778161285129686,0.4835515514775327,0.5444279692008053
0.205,3.35,10,0.7237470378812103,0.1361449540155652,0.8092247953985203,0.3176460959822476,0.48443666364173604,0.5450625077524902
0.23,3.35,8,0.7291559231043625,0.140620409306159,0.8063565200845212,0.31701875963181186,0.44770542151717824,0.5328678713683395
0.195,3.35,10,0.7248325121000333,0.1331673931310094,0.8101425497135605,0.3168992986672731,0.4815605275246138,0.5433087993014092
0.23,3.45,10,0.7237569309029956,0.1414804885968089,0.8075274156058591,0.3165888074997785,0.47754130082366136,0.5431009053855065
0.21,3.35,10,0.7233084089848392,0.1377740528163829,0.8089048601383547,0.31633668616783867,0.48415552194511247,0.5451378758758134
0.225,3.4,10,0.7231424088738959,0.141308242152959,0.8077965398975457,0.3161735173242719,0.48065985739007566,0.5444203167277639
0.19,3.35,10,0.7254702661042627,0.1318104217103423,0.8107140193207317,0.31516653912022496,0.47853565388831854,0.5417800332797625
0.215,3.35,10,0.7229450745776581,0.1395021894111878,0.8086948299687654,0.313713294499801,0.482659460277971,0.5445817637024473
0.185,3.35,10,0.7261651481489442,0.1305354850753785,0.8113427592231538,0.3127571625285763,0.4745603965589705,0.539915751790952
0.235,3.35,8,0.7291118000803736,0.1423807148616605,0.8064751517832134,0.3102568539727076,0.4424113680064677,0.5302365539677794
0.22,3.35,10,0.7226613106979405,0.1413333359804389,0.8086073985098683,0.30965643096404577,0.47991125890420994,0.543326059993055
0.23,3.4,10,0.723017419787252,0.1433543942290276,0.8080400596085054,0.30809831401298404,0.4749222813401998,0.5413531773027327
0.225,3.35,10,0.7224612716287905,0.1432713381707251,0.8086550107385139,0.30407225338505584,0.47588496578558115,0.541308983999703
0.205,3.3,10,0.7230949663200604,0.1381942285260046,0.8105984841288337,0.3001462099009862,0.4766325684150177,0.5399121606330413
0.2,3.3,10,0.7235899903235727,0.136657910827612,0.8110589431883795,0.29986904811763526,0.4755589296971458,0.5391019030589635
0.21,3.3,10,0.7226703678383551,0.1398255486631354,0.810233319073261,0.2993577162882179,0.4765951230851718,0.5401767361791304
0.195,3.3,10,0.7241509445146532,0.1352124108735955,0.8116016098578456,0.29868168978851894,0.4734346007271558,0.5378200315194424
0.235,3.4,10,0.7229845464552179,0.1455147082518259,0.8084443386205766,0.2983059853579852,0.4678398051972505,0.5374232795832923
0.215,3.3,10,0.722320584171029,0.1415559442455621,0.8099763504888249,0.2973643416297705,0.475397399659443,0.5398234812813216
0.23,3.35,10,0.7223489824960291,0.1453199078490427,0.808849832630809,0.29689877707800943,0.47056604947045344,0.5384772788218047
0.19,3.3,10,0.7247732355236481,0.1338534400100781,0.8122132456255254,0.29675041011621023,0.47033101380409936,0.5361408527703095
0.22,3.3,10,0.7220498907447194,0.1433893690187116,0.8098402655188458,0.2940484919020848,0.47300138304280115,0.5387840884419461
0.225,3.3,10,0.7218624415038417,0.1453296500689052,0.8098375051008568,0.2893200146558451,0.46938024394423583,0.5369961836570054
0.235,3.35,10,0.7223283321020322,0.147482616064961,0.8092037214587975,0.2881143508341068,0.46395218863774046,0.534788342565254
0.23,3.3,10,0.7217622615081908,0.1473804806133876,0.8099802336522619,0.28312313562784563,0.46451862643229513,0.534405494698657
0.205,3.25,10,0.7225378518567895,0.1403426213161403,0.8123314884825816,0.2804274606473884,0.4671067206841554,0.5335642299112686
0.21,3.25,10,0.7221267156950427,0.1419760417190064,0.8119178656054764,0.28009881736059083,0.46733151263321054,0.5340035681168347
0.2,3.25,10,0.7230189323495522,0.1388042485570631,0.8128386871049832,0.2798307173032549,0.46583002669440476,0.5325951119119996
0.215,3.25,10,0.7217899119656775,0.1437085638154535,0.8116107096567928,0.2787062962083255,0.4664541393206857,0.5338416945340129
0.195,3.25,10,0.7235654633077266,0.1373567575258148,0.8134263886526623,0.27846317756484906,0.4635624649792645,0.531169269506695
0.22,3.25,10,0.7215317151784172,0.1455441222467117,0.8114226988660359,0.27613396157034975,0.464435336333864,0.5330106565047686
0.235,3.3,10,0.7217532397642519,0.149545412985995,0.8102803094249892,0.27544557479065235,0.45841349429911227,0.5309679762517259
0.225,3.25,10,0.721356278638722,0.1474865248794108,0.8113662676872285,0.2722952656120196,0.46124706719463865,0.531448013414012
0.23,3.25,10,0.7212676270376693,0.1495394456231276,0.8114535765563249,0.26714092449262766,0.4568729787300394,0.5290989566132754
0.21,3.2,10,0.7216874700517147,0.1442287918318184,0.8139792016651192,0.2594462501580381,0.4565618830230059,0.5266287290908915
0.205,3.2,10,0.722085699387914,0.1425934030439801,0.8144444199646093,0.2594458091285391,0.4560730931120734,0.526033105326557
0.215,3.2,10,0.7213630877105921,0.1459632963756476,0.8136186967578345,0.25856730331334277,0.4560116132516454,0.5266424445227454
0.22,3.2,10,0.7211168256296471,0.1478008315599068,0.813375572079975,0.25669497937518077,0.4543814033041924,0.5260072209126156
0.225,3.2,10,0.7209528361421967,0.1497451853820535,0.8132622531288923,0.253746342412748,0.4516417051739385,0.5246611080611068
0.23,3.2,10,0.7208751432457859,0.1518000118095801,0.8132908938993941,0.24967853980769106,0.44777495785101196,0.5225492855139288
0.21,3.15,10,0.7213623059134864,0.1465869284036755,0.816436623339176,0.23891280641003615,0.4445566985026556,0.5180908130473219
0.215,3.15,10,0.7210497996185831,0.1483232598069186,0.8160197035150509,0.2383738504688033,0.4443217589839408,0.5182607062875482
0.22,3.15,10,0.7208149231327996,0.1501626025567829,0.81571836950295,0.2370845658351166,0.4430748543910407,0.5178047694201641
0.225,3.15,10,0.7206618274618748,0.1521087241529624,0.8155450353407547,0.23496629432723448,0.44078468063734344,0.5166621036523416
0.23,3.15,10,0.7205945355520642,0.1541652579948851,0.8155118460825981,0.23198211043469652,0.43743224413029946,0.5147784211019093
0.22,3.1,10,0.7206353367723578,0.1526324047631146,0.8184691017057979,0.21940114031482247,0.43082872545809464,0.5084613308208329
0.225,3.1,10,0.720492594966962,0.154580097802614,0.8182327226992108,0.21795855311063805,0.42897149104411897,0.5075054456418704
0.23,3.1,10,0.7204351591667861,0.1566381271581544,0.8181346363206019,0.2159672759631466,0.4261247748017986,0.5058367578191777
0.23,3.05,10,0.7204059689337909,0.1592214208943471,0.8211759317863011,0.20415847434461282,0.4142135623704228,0.49579990830614634
