w,r,n,R,P,U,worst_regret_reasonable,worst_regret_fullsimplex,dist_utopia,freq_optimal
0.1,4.5,4,0.754445297487772,0.0804065081420504,0.8018195360631608,0.45566393772190206,0.8513874015131974,1.0477945893521996,0.0
0.105,4.5,4,0.7538902392080418,0.0807005674784563,0.8007196938571993,0.4388768222801771,0.8375043536816724,1.0238345896094898,0.0
0.11,4.5,4,0.7532998972283061,0.0809496237533505,0.7995097473037718,0.42034730341333726,0.8227387943865117,0.9979861158667277,0.0
0.115,4.5,4,0.7526789510698689,0.081158134231437,0.7982018419455469,0.40026976153853633,0.8072077672255885,0.9705384156740362,0.0
0.12,4.5,4,0.7520321524363115,0.0813306487070967,0.7968084617508577,0.378843699533166,0.7910301212108188,0.9417922446911052,0.0
0.125,4.5,4,0.7513643168506239,0.0814718020012617,0.79534240124285,0.35627331142462343,0.7743263015971348,0.9120584233691187,0.0
0.13,4.5,4,0.7506803151652126,0.0815863062933836,0.7938167367363195,0.33276703797874263,0.7572181375318703,0.8816561239274588,0.0
0.135,4.5,4,0.7499850649437273,0.0816789432993427,0.7922447967347999,0.3085371099266061,0.7398286264980921,0.850910764937246,0.0
0.14,4.5,4,0.7492835217372354,0.0817545563124699,0.7906401315775494,0.2837990801861853,0.7222817161153819,0.8201513720824667,0.0
0.145,4.5,4,0.7485806702746922,0.0818180421172253,0.7890164824022486,0.2655303540476557,0.7047020837969752,0.7897072489009125,0.0
0.15,4.5,4,0.7478815155762196,0.0818743427922007,0.7873877494994195,0.24847503845733843,0.6872149144762189,0.7599038008474579,0.0
0.155,4.5,4,0.7471910740169418,0.0819284374205273,0.7857679601401979,0.2315926282670805,0.6699456770963448,0.731057383402119,0.0
0.16,4.5,4,0.7465143643488743,0.0819853337126075,0.7841712359547353,0.21502381614703564,0.6530199000510892,0.7034691154167059,0.0
0.165,4.5,4,0.7458563987026036,0.0820500595651737,0.7826117599470802,0.1989094196022576,0.6365629461198437,0.6774177320296544,0.0
0.17,3.55,10,0.7323791603427413,0.1199387778522989,0.8102348070703715,0.5590841560661154,0.7786471310562407,0.9874459870961652,0.0
0.17,3.6,10,0.7334785722072457,0.1183470190743902,0.8101555593395545,0.5593353244042146,0.7770438486673207,0.9848610676726567,0.0
0.17,4.5,4,0.7452221735878264,0.0821276545668184,0.7811037432305304,0.18339010391051047,0.6206997873742697,0.6531517578748912,0.0
0.175,3.5,10,0.7304320874263103,0.1226632802324432,0.8099387987193565,0.5524546398698758,0.7726585056247883,0.9872184386695664,0.0
0.175,3.55,10,0.7314665670276798,0.1209885259372455,0.8096163802073686,0.5489411269803127,0.7661355690460044,0.977777736386622,0.0
0.175,3.6,10,0.7325456694373156,0.1193950821607166,0.8095536562840993,0.549335103828347,0.7648665843002596,0.9743897256817783,0.0
0.175,3.65,10,0.7336580810241675,0.1178789804586951,0.8097238825885238,0.5532157403412509,0.768310478948107,0.976585690823629,0.0
0.175,4.5,4,0.7446166609071508,0.0822231614668672,0.7796613915561584,0.16860610454571556,0.6055547804166236,0.6308815571717187,0.0
0.175,4.5,6,0.7403948407976314,0.0904276979083094,0.7977434608317887,0.3626140469126403,0.5259313090163201,0.7461912424434852,0.0
0.18,3.45,10,0.7286231508934811,0.1255442240911156,0.8099045998068719,0.5502802932708852,0.7719666181279295,0.9964432263603837,0.0
0.18,3.5,10,0.729583209048701,0.1237824978973841,0.8093218159666358,0.542719934409393,0.7601761598023131,0.9800658622417437,0.0
0.18,3.55,10,0.7305984571943049,0.1221059155421319,0.8090211115014622,0.5394246726986444,0.7540925260084872,0.9699970142017292,0.0
0.18,3.6,10,0.7316577168688854,0.1205106059375402,0.8089765341824691,0.5399853036292237,0.753190670147757,0.9658543059180497,0.0
0.18,3.65,10,0.7327496678208391,0.1189926063866551,0.8091612838328172,0.5439802138030994,0.7569283905557538,0.9671916260913717,0.0
0.18,3.7,10,0.7338628849541728,0.1175478696050512,0.8095478278185844,0.5509771311167107,0.7647486670297193,0.9734951116052613,0.0
0.18,4.5,4,0.7440447989984393,0.0823416176222575,0.7782988717399099,0.1546969497162617,0.591251442331968,0.61077213041265,0.0
0.18,4.5,6,0.7395363664808041,0.0909520633483414,0.7964541923632144,0.34244920369609355,0.49984776808783793,0.7150285032084828,0.0
0.185,3.35,10,0.7261651481489442,0.1305354850753785,0.8113427592231538,0.5698187434221941,0.8010624123016218,1.0450667834690608,0.0
0.185,3.4,10,0.7269650578041802,0.1285904283036704,0.810155516336071,0.552949539711432,0.7770429786521527,1.0150599914584282,0.0
0.185,3.45,10,0.7278413602081139,0.1267378944678168,0.8092959231361664,0.5410713851972527,0.7596523149090542,0.9917977883906459,0.0
0.185,3.5,10,0.7287832586262738,0.1249742229625044,0.808739975729596,0.5338038111763148,0.7484047917695196,0.975003565446034,0.0
0.185,3.55,10,0.7297797435843791,0.1232956478955221,0.8084626107472415,0.5307507198062253,0.7427933453984065,0.9643659343339815,0.0
0.185,3.6,10,0.7308196287282022,0.1216983048358529,0.8084378138671953,0.5315020335511812,0.7422916729761383,0.959522978217102,0.0
0.185,3.65,10,0.7318915873219791,0.1201782377033734,0.8086387321626698,0.5356354000824678,0.7463565056398005,0.9600506330051457,0.0
0.185,3.7,10,0.7329841892430071,0.1187314057826847,0.8090377897694645,0.5427179450711838,0.7544299485831167,0.9654569592176566,0.0
0.185,4.5,4,0.7435114837335828,0.0824880464354791,0.777030278051628,0.1418011837226799,0.5779122280518307,0.5929378087586874,0.0
0.185,4.5,6,0.7387229716028226,0.0915188799101546,0.7952494268764502,0.3237088575162126,0.4754738299599747,0.6862487314413445,0.0
0.19,3.3,10,0.7247732355236481,0.1338534400100781,0.8122132456255254,0.5825989342595496,0.8186734593855972,1.0796742534770294,0.0
0.19,3.35,10,0.7254702661042627,0.1318104217103423,0.8107140193207317,0.5608377612734089,0.7883422043868726,1.0428559642788306,0.0
0.19,3.4,10,0.7262536653661117,0.129863400405253,0.8095620201686285,0.5443835674506424,0.7650357963222384,1.0128524677825985,0.0
0.19,3.45,10,0.7271128728912548,0.1280088349465667,0.8087343221729155,0.5328718882446292,0.7482904131271646,0.9894113695146313,0.0
0.19,3.5,10,0.7280370816202191,0.1262430722948646,0.8082068443574599,0.5259211677277211,0.7376188660261049,0.9722677083812201,0.0
0.19,3.55,10,0.7290152730230147,0.1245623541072588,0.8079544552095264,0.5231343488526349,0.7325127125518719,0.9611260863681444,0.0
0.19,3.6,10,0.7300362530214596,0.1229628234736338,0.8079510814194236,0.5241005261128421,0.7324444564869996,0.9556438660983344,0.0
0.19,3.65,10,0.7310886885435928,0.1214405317958013,0.8081698204103497,0.5283966531498651,0.736869824485632,0.9554181310250741,0.0
0.19,3.7,10,0.7321611445766384,0.1199914457877719,0.8085830561608632,0.5355892978859649,0.7452301093094369,0.9599783697698384,0.0
0.19,3.75,10,0.7332421215901942,0.1186114545942342,0.8091625777935822,0.5452364374212678,0.7569545690278089,0.9687856592122702,0.0
0.19,4.5,4,0.7430215596735827,0.0826674488041646,0.7758695986705944,0.13005609151070668,0.5656583091262342,0.5774401494977288,0.0015082956259426848
0.19,4.5,6,0.7379595172494544,0.0921331039337024,0.7941431988325436,0.3066150606448341,0.4530934296300273,0.6601790059051865,0.0
0.195,3.25,10,0.7235654633077266,0.1373567575258148,0.8134263886526623,0.601186202098649,0.8432168858105188,1.1229761654991741,0.0
0.195,3.3,10,0.7241509445146532,0.1352124108735955,0.8116016098578456,0.5743052199769095,0.8062992898712814,1.0795335612133163,0.0
0.195,3.35,10,0.7248325121000333,0.1331673931310094,0.8101425497135605,0.5530309004996403,0.7767806473866323,1.0429741023783006,0.0
0.195,3.4,10,0.7255998741462499,0.1312182898730937,0.809027445686521,0.5370161031810806,0.754220674628621,1.0130430312529544,0.0
0.195,3.45,10,0.7264424589331246,0.1293615683701499,0.8082332890592655,0.5258951964022831,0.7381538759784153,0.9894938077190698,0.0
0.195,3.5,10,0.7273494492900912,0.1275935839982911,0.8077359248779471,0.5192855822102418,0.7280915659972172,0.9720718972935507,0.0
0.195,3.55,10,0.7283098178337882,0.1259105868155992,0.80751015661951,0.516789289904426,0.7235239869763725,0.9604964639667402,0.0
0.195,3.6,10,0.7293123629468757,0.1243087282881224,0.8075298551270185,0.517994631595612,0.7239225128376278,0.9544427117747826,0.0
0.195,3.65,10,0.730345745394258,0.1227840681513538,0.8077680713048433,0.5224779123012171,0.7287419291000848,0.9535276289215889,0.0
0.195,3.7,10,0.7313985254245338,0.1213325814037751,0.8081971520749041,0.5298051870994194,0.7374227788224708,0.9573012496807142,0.0
0.195,3.75,10,0.7324592002462534,0.119950165406655,0.8087888590768844,0.5395340577369305,0.7493937640594626,0.9652444238208958,0.0
0.195,4.5,4,0.7425798113155138,0.0828847945917701,0.7748306822790932,0.11959742527435868,0.5546093547938172,0.564290262936691,0.006033182503770739
0.195,4.5,6,0.737250798301733,0.0927996454930459,0.7931494132678061,0.291387730985439,0.4329878836682705,0.6371385863351284,0.0
0.2,3.25,10,0.7230189323495522,0.1388042485570631,0.8128386871049832,0.5936950201431754,0.8313269360085431,1.1247801049827078,0.0
0.2,3.3,10,0.7235899903235727,0.136657910827612,0.8110589431883795,0.5673720488674739,0.7953204529350191,1.0818437227917623,0.0
0.2,3.35,10,0.7242565710869271,0.1346108017187949,0.8096417244385615,0.546609358516318,0.7666483150781422,1.0456074072872923,0.0
0.2,3.4,10,0.7250083705518207,0.1326595160421964,0.8085651801504382,0.5310585646439334,0.7448684548821983,1.015817382448739,0.0
0.2,3.45,10,0.7258348059456006,0.1308005303199307,0.8078062219858476,0.5203529138134412,0.7295137659003178,0.9922322019618618,0.0
0.2,3.5,10,0.7267250502249223,0.1290302091829366,0.8073406241534862,0.5141088118141296,0.7200941295618589,0.974606539385938,0.0
0.2,3.55,10,0.7276680673743157,0.1273448119324716,0.8071431282890291,0.5119274203933483,0.7160985370306402,0.9626725783171551,0.0
0.2,3.6,10,0.7286526484470965,0.1257404992522506,0.8071875525592105,0.5133963153587654,0.7169972965192476,0.9561216971833084,0.0
0.2,3.65,10,0.7296674482316445,0.1242133400574706,0.8074469045121211,0.5180911989840006,0.7222443163940964,0.9545892216474865,0.0
0.2,3.7,10,0.7307010224076126,0.1227593184717838,0.8078934971500297,0.5255776589538507,0.7312794534762344,0.9576444642511501,0.0
0.2,4.5,4,0.7421909544345011,0.0831450141368211,0.7739272048904721,0.1105591335081949,0.5448833154284737,0.5534564471306634,0.01282051282051282
0.2,4.5,6,0.7366015348927336,0.0935233598219403,0.7922818124323434,0.2782441424469419,0.41543521527299077,0.617435343044757,0.0
0.205,3.2,10,0.722085699387914,0.1425934030439801,0.8144444199646093,0.619331123581175,0.8638129540762762,1.1783270163648165,0.0
0.205,3.25,10,0.7225378518567895,0.1403426213161403,0.8123314884825816,0.5877478806476711,0.8210656627758937,1.1291484743052818,0.0
0.205,3.3,10,0.7230949663200604,0.1381942285260046,0.8105984841288337,0.5620081688812055,0.786004780506582,1.0867734055018219,0.0007541478129713424
0.205,3.35,10,0.7237470378812103,0.1361449540155652,0.8092247953985203,0.5417821076564225,0.7582133103097306,1.0509215268437535,0.0
0.205,3.4,10,0.7244837505705555,0.1341914026490483,0.8081884864901039,0.5267201135977716,0.7372474630202822,1.021339977875629,0.0
0.205,3.45,4,0.737938766675151,0.1088325891024159,0.7744679596484394,0.1957968431491963,0.4385281303830889,0.5926951739455047,0.0
0.205,3.45,10,0.7252945108347141,0.1323300610225008,0.8074663925799878,0.5164543572502043,0.7226385847937412,0.997791760304711,0.0
0.205,3.5,4,0.7387875462318125,0.1070404356236775,0.773923987400358,0.18279843067939663,0.4597576978246904,0.5939133186944916,0.0
0.205,3.5,10,0.7261684820193257,0.1305573038481255,0.8070342202198538,0.5106002945349155,0.7138951882720088,0.9800395609504942,0.0
0.205,3.55,4,0.7396413144825613,0.1053337088528573,0.7736077212721079,0.17125464234690238,0.48111204185491263,0.5978435954148853,0.0
0.205,3.55,10,0.7270946197212584,0.1288694005012133,0.8068666524016008,0.5087582662105133,0.7105050781807168,0.9678269593598928,0.0
0.205,3.6,4,0.7404884439332406,0.1037084298912314,0.7734920552898858,0.16099871320251077,0.5023003370533743,0.6038950517883751,0.0
0.205,3.6,10,0.7280617078903104,0.1272625217158104,0.8069374578270126,0.510515158464946,0.7119375619935957,0.9608596513844144,0.0
0.205,3.65,10,0.729058395547885,0.1257327464193829,0.8072196038809277,0.5154461171936058,0.7176457355233815,0.9587894445064702,0.0
0.205,4.5,2,0.7597166139045542,0.0765372399908377,0.780307157145622,0.41659289293946944,0.983232904268075,0.9983916984337889,0.0
0.205,4.5,4,0.7418596275471375,0.0834529898183991,0.7731726369898488,0.10307309324512381,0.5365962090234048,0.5448774045573517,0.030165912518853696
0.205,4.5,6,0.736016364001046,0.0943090388078167,0.7915539427364878,0.26739842023183247,0.4007094855547694,0.6013620612086114,0.0
0.21,3.15,10,0.7213623059134864,0.1465869284036755,0.816436623339176,0.6515164301517232,0.9041177622097073,1.2399912585337514,0.0
0.21,3.2,10,0.7216874700517147,0.1442287918318184,0.8139792016651192,0.6144794829023226,0.8544009961705293,1.1846371034144105,0.0
0.21,3.25,10,0.7221267156950427,0.1419760417190064,0.8119178656054764,0.5835506180691419,0.8126975458887564,1.1362371042568264,0.003770739064856712
0.21,3.3,4,0.7351948226573888,0.1151260025914969,0.7768054273284712,0.2437727772479096,0.4704811768433703,0.6071633740163996,0.0
0.21,3.3,10,0.7226703678383551,0.1398255486631354,0.810233319073261,0.5584196431740198,0.7786170269821243,1.094473287438314,0.0030165912518853697
0.21,3.35,4,0.7359699503146439,0.1130545516801836,0.7754788376441811,0.22566560482044382,0.4456062059058664,0.5964946605559833,0.0
0.21,3.35,10,0.7233084089848392,0.1377740528163829,0.8089048601383547,0.5387554039322604,0.7517406130737375,1.0590636017744264,0.0
0.21,3.4,4,0.7367837187301827,0.1110797703077944,0.7744524295396776,0.20947413834896042,0.42189208891771085,0.5905854152636517,0.0
0.21,3.4,8,0.7306388232760891,0.1325789584487658,0.806533448723942,0.5254852253693139,0.7037639439828514,1.0115721907121835,0.0
0.21,3.4,10,0.7240305115926406,0.1358181698988555,0.8079104710150818,0.5242071636381556,0.7316228563551495,1.0297562027800722,0.0
0.21,3.45,4,0.7376248488572092,0.1091980036525794,0.77370180687822,0.19504442542400144,0.43067645743124755,0.5886271458226339,0.0
0.21,3.45,10,0.7248260716264688,0.1339543973888941,0.8072269135662044,0.5144060632026872,0.7177936197536521,1.0063180023603313,0.0
0.21,3.5,4,0.7384819059135412,0.107405485370392,0.7732015510336622,0.18221766993127766,0.4521130606527791,0.5898994886026289,0.0
0.21,3.5,10,0.7256842431030629,0.1321791208970643,0.8068298298981209,0.5089666555625321,0.7097601121010998,0.9885185409802658,0.0
0.21,3.55,4,0.7393433367153845,0.1056983443741167,0.7729253308271824,0.17083079268248538,0.47365905944654885,0.5937694157792839,0.0
0.21,3.55,10,0.7265939735001962,0.1304886206896878,0.8066938475966307,0.5074885076736563,0.707009017187259,0.9761111194088729,0.0
0.21,3.6,4,0.7401975075423544,0.1040726117648449,0.7728460163120079,0.16071700786723056,0.49502347266254204,0.5996791233487889,0.0
0.21,3.6,10,0.72754403991377,0.1288790783713549,0.8067926891355409,0.5095578632110701,0.7090087072350975,0.968813747927463,0.0
0.21,3.65,4,0.741032742397047,0.1025242278970258,0.7729357958987194,0.15170641299138263,0.5159142617232689,0.6071277887948093,0.0
0.21,4.5,2,0.7597224115945322,0.0763247423877054,0.7797845202318276,0.4145914393436144,0.9833779153600921,0.9967402755579089,0.0
0.21,4.5,4,0.7415903835020228,0.0838135476870081,0.7725802110738818,0.09726884587370688,0.5298619108547549,0.5384805804751431,0.06711915535444947
0.21,4.5,6,0.7354998311812513,0.0951614025791614,0.7909791220734054,0.2590610420271833,0.3890801324312669,0.5891930977428277,0.0015082956259426848
0.215,3.15,4,0.7328889417921661,0.1223812982651163,0.7818386655773608,0.31008251834954437,0.5576062291623067,0.6708857838812881,0.0
0.215,3.15,10,0.7210497996185831,0.1483232598069186,0.8160197035150509,0.64786624615369,0.8956829438910008,1.2481561037254734,0.0
0.215,3.2,4,0.7334948090904679,0.1199991664157506,0.779543316982851,0.2856251595662581,0.5290004532790125,0.6417882544707549,0.0
0.215,3.2,10,0.7213630877105921,0.1459632963756476,0.8136186967578345,0.6115543770631346,0.8471075233731403,1.193772283464028,0.005279034690799397
0.215,3.25,4,0.7341713065818352,0.1177238185531093,0.7776108388573523,0.2634970416059913,0.5016769904603691,0.6199125037218807,0.0
0.215,3.25,10,0.7217899119656775,0.1437085638154535,0.8116107096567928,0.5813059298450742,0.813714210212515,1.1461869279049897,0.006787330316742082
0.215,3.3,4,0.7349078250695259,0.1155519837251257,0.7760204346102986,0.24356167906511725,0.47559656155322255,0.6043425617367214,0.0
0.215,3.3,10,0.722320584171029,0.1415559442455621,0.8099763504888249,0.5568093656106968,0.7878645272931152,1.1050789730945278,0.00904977375565611
0.215,3.35,4,0.7356934933845778,0.1134802602646611,0.7747499930715046,0.22567621546609481,0.4507183177154628,0.5941745540925266,0.0
0.215,3.35,10,0.7229450745776581,0.1395021894111878,0.8086948299687654,0.5377323015511614,0.7632020592911923,1.0701654400620813,0.0
0.215,3.4,4,0.7365172133851685,0.1115051220363513,0.7737761841407449,0.20969192394970446,0.42699991543113847,0.5885577377564506,0.0
0.215,3.4,8,0.730271267442439,0.1339492863635367,0.8061009817840145,0.5206976297149112,0.6965201499228819,1.014431349968656,0.0
0.215,3.4,10,0.723653044406358,0.1375439266766936,0.8077440514791175,0.5237228938525199,0.7396863059887611,1.0411957300059944,0.0
0.215,3.45,4,0.7373676958574261,0.1096229248652316,0.7730745596766155,0.195454730018732,0.42424457896662154,0.5867211390764403,0.0
0.215,3.45,8,0.7308152799970208,0.1320494388788191,0.8055381978923831,0.511482062393615,0.6836287538096393,0.9944914893785635,0.0
0.215,3.45,10,0.7244338794656207,0.1356776652024383,0.8071007067747915,0.5144113007346218,0.717275347717753,1.0179402140587346,0.0
0.215,3.5,4,0.7382334972065616,0.107829913140311,0.7726196591580801,0.18280575432223214,0.44589989333917485,0.5879835231204039,0.0
0.215,3.5,10,0.7252767247484402,0.133899802295668,0.80674037676372,0.5094112195720044,0.707950361417515,1.0001741623843956,0.0
0.215,3.55,4,0.7391030568035796,0.106122226576022,0.7723851196653555,0.17158187333424538,0.46764920853474135,0.591748783217132,0.0
0.215,3.55,10,0.7261705199031276,0.1322066299207915,0.8066376368953075,0.5083214912099122,0.705871803205596,0.9876588951227087,0.0
0.215,3.6,4,0.7399647348598952,0.1044959071263237,0.7723437896772586,0.1616162957455681,0.4892013916262531,0.597491327361413,0.0
0.215,3.65,4,0.7408068506927731,0.1029469060337842,0.7724678461768576,0.15273915223075765,0.5102642868472914,0.6047365762197471,0.0
0.215,4.5,2,0.7597880581803386,0.0761546973705232,0.7794424920802372,0.4142740979627616,0.9850198595018288,0.997249435022677,0.0
0.215,4.5,4,0.7413876812265994,0.0842314491823132,0.772162889677775,0.09327333735785653,0.5247919470545035,0.5342044600072824,0.14630467571644043
0.215,4.5,6,0.7350563824433198,0.0960850911936281,0.7905704076172677,0.2534383465276331,0.38081131914328087,0.5811820178341068,0.006033182503770739
0.22,3.05,4,0.7316393164840526,0.127968730517025,0.7866159857172798,0.36617150074689686,0.6247027816909797,0.7481187852453692,0.0
0.22,3.1,4,0.732087077766878,0.1253640195891018,0.7836127571932535,0.3369724793810476,0.5934241700285819,0.703659778637251,0.0
0.22,3.1,10,0.7206353367723578,0.1526324047631146,0.8184691017057979,0.6881840300673758,0.9452373846578225,1.3196662992954413,0.0
0.22,3.15,4,0.732625245965873,0.1228720727303307,0.7810065274711753,0.3103411487815042,0.5634996831140284,0.66785421073314,0.0
0.22,3.15,10,0.7208149231327996,0.1501626025567829,0.81571836950295,0.6463147950154878,0.8912173869681291,1.2592606279972638,0.0030165912518853697
0.22,3.2,4,0.7332438202104445,0.1204899091313251,0.7787792946563645,0.2861548736821279,0.5348935259659089,0.6398859112246906,0.0
0.22,3.2,10,0.7211168256296471,0.1478008315599068,0.813375572079975,0.610754690165583,0.8628561139167271,1.2058684732370801,0.006033182503770739
0.22,3.25,4,0.7339324721112934,0.1182144055499558,0.7769115777570993,0.2642837572051828,0.5075681932024785,0.6188725649751923,0.0
0.22,3.25,10,0.7215317151784172,0.1455441222467117,0.8114226988660359,0.581212899744815,0.8357564716932324,1.1591274250140815,0.008295625942684766
0.22,3.3,4,0.7346805786039622,0.1160423021424172,0.7753825008395692,0.24459109232291773,0.4814845390638825,0.6039117436272863,0.0
0.22,3.3,10,0.7220498907447194,0.1433893690187116,0.8098402655188458,0.5573765829656726,0.8098811667891868,1.1187147909236788,0.00904977375565611
0.22,3.35,4,0.7354772559392995,0.1139702084908357,0.7741698832006881,0.226933838993741,0.45660184979455404,0.5941268508875989,0.0
0.22,3.35,8,0.7294963821494204,0.1374053126584377,0.8066115112472466,0.5312603634727097,0.7380217627177549,1.0458879245213586,0.0
0.22,3.35,10,0.7226613106979405,0.1413333359804389,0.8086073985098683,0.5389121742585236,0.7851913410278049,1.0843476112271047,0.0
0.22,3.4,4,0.736311394698221,0.1119946098350513,0.7732503351514802,0.21116312522620426,0.43287791847742146,0.5887037011626455,0.0
0.22,3.4,8,0.7299773312219098,0.13541083399839,0.8058007524313998,0.5181991454845367,0.7140711113008194,1.0207095172436564,0.0
0.22,3.4,10,0.7233556253863678,0.1393726629184434,0.8077019255680119,0.5254667693796472,0.7616466433626484,1.0557768414464823,0.0
0.22,3.45,4,0.7371716957137896,0.1101118734860781,0.7725993590029029,0.19712477009783982,0.4193422480430759,0.586911994573582,0.0
0.22,3.45,8,0.7305151187149238,0.1335098631668305,0.8052831461964954,0.5095780287311528,0.6912433465057053,1.001034311652638,0.0
0.22,3.45,10,0.7241222108055683,0.1375038714556439,0.8071004715840591,0.5166695913560514,0.7392053037820158,1.0327759148402025,0.0
0.22,3.5,4,0.7380467067772793,0.1083182554035661,0.7721914547966511,0.18465982661014294,0.44122791463189903,0.5881106578994871,0.0
0.22,3.5,10,0.724950203259324,0.1357233713863515,0.8067785595501891,0.5121335300186572,0.7178242093829248,1.0151247334701379,0.0
0.22,3.55,4,0.738924860000085,0.1066099069471077,0.7720002303166305,0.17360514244429223,0.46319217251404987,0.5917398365103431,0.0
0.22,3.55,10,0.7258285348788515,0.13402746716445,0.8067107160797724,0.511456748276526,0.7073502880560919,1.0025909245594575,0.0
0.22,3.6,4,0.7397945096950208,0.1049828817665395,0.77199851488131,0.16379393616914237,0.484943741227399,0.5973042685729836,0.0
0.22,3.65,4,0.7406439706464444,0.1034331428355578,0.772158476412004,0.15505638677971087,0.5061903516290269,0.6043529721678084,0.0
0.22,4.5,2,0.7599178959113774,0.0760319017007909,0.7792933813915763,0.41576378169339856,0.9882673444888548,0.9999896482059558,0.006033182503770739
0.22,4.5,4,0.7412558776363958,0.0847113829476935,0.7719333339609218,0.09121066321309823,0.521495292245476,0.5320231174259334,0.31221719457013575
0.22,4.5,6,0.7346903563128128,0.0970846564499797,0.7903405641677206,0.25073205043540003,0.376161293823081,0.5775608569491361,0.014328808446455505
0.225,3.0,4,0.7310478228361698,0.1312480718195074,0.7891262977926571,0.39870862004802554,0.664082676791505,0.797165513739576,0.0
0.225,3.05,4,0.7314102844171728,0.1285281459583686,0.7857890666687537,0.36714625222434294,0.6314205092361572,0.7450831059089608,0.0
0.225,3.1,4,0.731872288283521,0.1259236492940401,0.782862189158579,0.33825312637683913,0.600144470553241,0.7021311812626931,0.0
0.225,3.1,10,0.720492594966962,0.154580097802614,0.8182327226992108,0.688103075426806,0.9442647776914471,1.3327027159293698,0.004524886877828055
0.225,3.15,4,0.7324241754124742,0.1234317604091913,0.7803291147926981,0.3119139751068404,0.5702206798172086,0.6675728750457256,0.0
0.225,3.15,6,0.7303551023457563,0.1367783329184867,0.7937060723030718,0.4559199776949683,0.7304926908365406,0.8904504627707908,0.0
0.225,3.15,10,0.7206618274618748,0.1521087241529624,0.8155450353407547,0.6470567105632912,0.9145873436885236,1.27343958637007,0.008295625942684766
0.225,3.2,4,0.7330559288674563,0.1210495100464967,0.7781717455121587,0.2880058819010788,0.5416134807693123,0.6405825322989235,0.0
0.225,3.2,6,0.7306126041699094,0.1343656144510107,0.7915793254286855,0.4303644964081559,0.7015196162485485,0.8475146999393436,0.0
0.225,3.2,10,0.7209528361421967,0.1497451853820535,0.8132622531288923,0.6122752583831491,0.8862048423630409,1.2210535482576708,0.010558069381598794
0.225,3.25,4,0.7337572054106515,0.1187737867055006,0.776370513670582,0.26639870583785374,0.5142855090274246,0.6202845218174982,0.0
0.225,3.25,10,0.721356278638722,0.1474865248794108,0.8113662676872285,0.5834665292273256,0.8590817693256478,1.17518068738736,0.012066365007541479
0.225,3.3,4,0.7345173683785765,0.1166013424516886,0.7749044663789247,0.24695553361158393,0.48819776184414265,0.6057985271946014,0.0
0.225,3.3,10,0.7218624415038417,0.1453296500689052,0.8098375051008568,0.5603164253781854,0.8331809874465612,1.1354982111553393,0.005279034690799397
0.225,3.35,4,0.7353255216918989,0.1145287989310396,0.7737513558319633,0.22953315713725062,0.4633096703323963,0.5962820045998477,0.0
0.225,3.35,8,0.7292854337787581,0.1389632127430606,0.8064060381285109,0.5305827023069741,0.7567297702871738,1.0552852723860582,0.0
0.225,3.35,10,0.7224612716287905,0.1432713381707251,0.8086550107385139,0.5424902447798315,0.8084637960480515,1.1017241636943151,0.0
0.225,3.4,4,0.7361705448985159,0.1125526535777053,0.7728877352108587,0.21398257491668052,0.43957917401022745,0.5909617106846107,0.0
0.225,3.4,8,0.7297612210926095,0.1369676827259035,0.8056455733776164,0.518190716219713,0.7327664936724132,1.0305446698171286,0.0
0.225,3.4,10,0.7231424088738959,0.141308242152959,0.8077965398975457,0.529634070083022,0.7848900023738865,1.0736113843609314,0.0
0.225,3.45,4,0.7370411291057786,0.1106692860060779,0.7722890597551497,0.2001495152022227,0.41696279755978727,0.5891499793160058,0.0
0.225,3.45,8,0.7302932522732707,0.1350655253662843,0.8051747419812088,0.510187777380703,0.7099244804822051,1.0111866603122246,0.0
0.225,3.45,10,0.7238952197982998,0.1394368968706804,0.807238653879515,0.5213762371610782,0.7624179953103916,1.0509359847819912,0.0
0.225,3.5,4,0.7379258137087429,0.1088749645780089,0.7719297925421081,0.1878749790140368,0.438204152417583,0.590245778964228,0.0
0.225,3.5,10,0.7247088323700513,0.1376537253794802,0.8069568210744625,0.5173288767897158,0.7410048212023611,1.0334814100623224,0.0
0.225,3.55,4,0.7388130237581083,0.1071658531249908,0.7717835145175825,0.1769958007448201,0.4603949385057323,0.5937238160998168,0.0
0.225,3.6,4,0.7396911078470785,0.1055380178236953,0.771823038268137,0.16734522420406803,0.48235746722109263,0.5991164138483227,0.0
0.225,3.65,4,0.7405483763907139,0.1039874342081973,0.7720205250386363,0.15875349185471158,0.5037993601364397,0.6059928320075728,0.0
0.225,4.5,2,0.7601161617072533,0.0759610876512919,0.7793491576968872,0.4191803901756863,0.9932263436210507,1.0050623462468646,0.06561085972850679
0.225,4.5,4,0.7411992197264785,0.0852579567594867,0.7719038729445984,0.09120181891291068,0.5200781717337382,0.5319709663551953,0.033936651583710405
0.225,4.5,6,0.7344059760768169,0.0981645538250654,0.7903020331324813,0.25113877522272576,0.3753817619729048,0.5785414680038785,0.008295625942684766
0.23,3.0,4,0.7308694134917598,0.1318802917862068,0.7883816988111926,0.40074693354281143,0.6716746758158926,0.7955452634935642,0.0
0.23,3.05,4,0.7312471032644114,0.1291607464330578,0.7851257629216175,0.36951176751407133,0.6390170775820462,0.7450673871015212,0.0
0.23,3.05,10,0.7204059689337909,0.1592214208943471,0.8211759317863011,0.7371645493100981,0.9999999999879915,1.414213562350298,0.0015082956259426848
0.23,3.1,4,0.7317238258653871,0.1265564506848756,0.7822770570830547,0.34093222717738003,0.6077434515960817,0.7034678740000107,0.0
0.23,3.1,6,0.7300463229011284,0.1404862239480334,0.7956994973384678,0.4914147618999125,0.775018815542498,0.9453103960624718,0.0
0.23,3.1,10,0.7204351591667861,0.1566381271581544,0.8181346363206019,0.6904780305724453,0.9689785761831239,1.3489430362016783,0.006033182503770739
0.23,3.15,4,0.732289905322277,0.1240645952286553,0.7798189275566136,0.3148927418606673,0.577820062286971,0.669994537743679,0.0
0.23,3.15,6,0.7302162172880426,0.1379630597461285,0.7932547116116349,0.46357731768953647,0.7447194558762135,0.8967400287158155,0.0
0.23,3.15,10,0.7205945355520642,0.1541652579948851,0.8155118460825981,0.6502821560069675,0.9392831833390934,1.2908226350755003,0.00980392156862745
0.23,3.2,4,0.7329353089317092,0.1216822231297327,0.7777331823926126,0.2912701286528556,0.5492114013723622,0.6438216532744865,0.0
0.23,3.2,6,0.730479317360064,0.1355505262407896,0.7911966038205576,0.43826793534042763,0.7157486024018186,0.854753239354708,0.0
0.23,3.2,10,0.7208751432457859,0.1518000118095801,0.8132908938993941,0.6163064116506679,0.9108801785668483,1.239451384389589,0.00904977375565611
0.23,3.25,4,0.7336496789018523,0.1194062354087626,0.7760001696342222,0.2699340177197481,0.5218802548295979,0.624089665770596,0.003770739064856712
0.23,3.25,10,0.7212676270376693,0.1495394456231276,0.8114535765563249,0.5882572779312972,0.8837342211689686,1.1944658171619866,0.00904977375565611
0.23,3.3,4,0.734422365251436,0.1172333968302027,0.7745988618430388,0.2507473048395863,0.4957877724065906,0.6099483859929199,0.00904977375565611
0.23,3.3,10,0.7217622615081908,0.1473804806133876,0.8099802336522619,0.5658194458332656,0.8578083391801351,1.1555445576273762,0.0015082956259426848
0.23,3.35,4,0.735242459848193,0.1151603418989891,0.7735069465574048,0.23356662940282671,0.47089353963276465,0.6005950544215228,0.013574660633484163
0.23,3.35,8,0.7291559231043625,0.140620409306159,0.8063565200845212,0.5325672458391574,0.7766301773495207,1.0683207511034405,0.0
0.23,3.35,10,0.7223489824960291,0.1453199078490427,0.808849832630809,0.5486571236406541,0.8330639982219443,1.1224076038207476,0.0
0.23,3.4,4,0.7360988314624899,0.1131835810458197,0.7727009223059985,0.21824287599715422,0.4471556520948895,0.5953005060083104,0.021870286576168928
0.23,3.4,8,0.7296270184285849,0.13862379207336,0.8056479627976317,0.5208684986824541,0.7526538449305662,1.0440642225493866,0.0
0.23,3.4,10,0.723017419787252,0.1433543942290276,0.8080400596085054,0.5364154287154758,0.8094611728264124,1.0948099687622583,0.0
0.23,3.45,4,0.7369801617272379,0.1112995070015464,0.7721561997473985,0.20462169775635483,0.42453079198382343,0.5934204327585288,0.02262443438914027
0.23,3.45,8,0.7301537611742981,0.136720402075053,0.8052255019715971,0.5135074744675036,0.7297970296268407,1.0250785288940245,0.0
0.23,3.45,10,0.7237569309029956,0.1414804885968089,0.8075274156058591,0.5287218583361094,0.7869584198591639,1.0725300291326434,0.0
0.23,3.5,4,0.7378749818678547,0.1095044013391859,0.771847207487724,0.19254405930253557,0.4369327528111167,0.5943926238301951,0.01583710407239819
0.23,3.55,4,0.7387717100868881,0.1077944411796307,0.7717475021078581,0.18184679727140854,0.45936160616102,0.5977237321534413,0.005279034690799397
0.23,3.6,4,0.7396586894542587,0.1061657060421807,0.7718298819087264,0.1723631960789396,0.4815466224601487,0.6029701707562198,0.0
0.23,3.65,4,0.7405242261892604,0.1046141848380866,0.7720665038549124,0.1639235767766046,0.5031953183372918,0.6097174896090142,0.0
0.23,4.5,2,0.7603869793323833,0.0759469151072744,0.7796214221262564,0.4246405669005029,0.9999999999749881,1.0126086628724116,0.0022624434389140274
0.23,4.5,6,0.734207342224639,0.0993291345688748,0.7904669022209425,0.254849584758955,0.3787172733280191,0.5843190133860979,0.0
0.235,3.0,4,0.7307604339881975,0.1325897677876241,0.787810982439534,0.4042568115079005,0.6801944021679511,0.7970899890955824,0.0
0.235,3.05,4,0.7311538300854348,0.129870623473973,0.7846382139763859,0.37335698866207767,0.6475416198077516,0.7480580621156596,0.0
0.235,3.05,6,0.7299038550924275,0.144397565717903,0.7981188455643141,0.5306151543022487,0.8219880738149357,1.0083396826100617,0.0
0.235,3.1,4,0.7316457462985512,0.1272665366512296,0.7818695159754049,0.34509894332612645,0.6162705026981458,0.7076422632328616,0.0
0.235,3.1,6,0.7299780292608802,0.1417614334262075,0.7953460576248025,0.5004104322385103,0.7903321394236318,0.9538777519329018,0.0
0.235,3.15,4,0.7322264900390216,0.1247747108516879,0.7794881336342159,0.3193668160807779,0.5863474695205821,0.6750842342182178,0.0
0.235,3.15,6,0.730154535649679,0.1392386624198155,0.7929748934991765,0.472840972720483,0.7600375014366797,0.9063903458396521,0.0
0.235,3.2,4,0.732886013156645,0.1223922022160674,0.7774757833998015,0.29603717244847694,0.5577371690081564,0.6495679493755464,0.00980392156862745
0.235,3.2,6,0.7304237060861736,0.1368263151655325,0.7909871333241519,0.44778511972393653,0.731068884553834,0.8653049860325918,0.0
0.235,3.25,4,0.7336139436202643,0.1201159250494014,0.7758127313715896,0.2749794288355941,0.5304025466633663,0.6302588999775662,0.02262443438914027
0.235,3.3,4,0.7343996184376286,0.1179426575910421,0.7744778779790077,0.25605630549246183,0.5043049140470875,0.61634403623549,0.01583710407239819
0.235,3.3,10,0.7217532397642519,0.149545412985995,0.8102803094249892,0.5794000173393967,0.8838058801096123,1.178971659810482,0.0
0.235,3.35,4,0.7352321177115989,0.1158690479849225,0.7734488485730121,0.23912430479974747,0.47940402047232666,0.6070648196060815,0.012066365007541479
0.235,3.35,8,0.7291118000803736,0.1423807148616605,0.8064751517832134,0.5380256929099879,0.7977687663911821,1.085115067534266,0.0
0.235,3.35,10,0.7223283321020322,0.147482616064961,0.8092037214587975,0.5613722464779543,0.8590348304166406,1.14651375167699,0.0
0.235,3.4,8,0.7295786722604816,0.1403829924216867,0.8058201139473168,0.5264234018754926,0.7737791621171217,1.0613904537660441,0.0
0.235,3.4,10,0.7229845464552179,0.1455147082518259,0.8084443386205766,0.5459963794424779,0.8354032544077328,1.119486992332185,0.0
0.235,3.45,8,0.7301005933565364,0.1384783408667764,0.8054476155679076,0.5197280046142353,0.7509071974397511,1.0428348492869801,0.0
0.235,4.5,6,0.7340984251151205,0.100582637952748,0.7908468759271126,0.2620495349978986,0.38640462468905323,0.5950771407621139,0.0
0.235,4.5,8,0.733887126093818,0.1127910903053563,0.8133837868829041,0.5947069785847955,0.8423549978234959,1.0094620732749962,0.0
0.24,3.0,4,0.730724815353682,0.1333804617400709,0.7874259170241621,0.4093244317786999,0.689689432429182,0.8018080025956414,0.0
0.24,3.05,4,0.7311343945341305,0.1306617610032463,0.7843382035716973,0.3787683175227279,0.6570419767511684,0.7540522160125032,0.0
0.24,3.05,6,0.7299085469505944,0.145766777945327,0.7978685392452793,0.5410043527657395,0.8384302275625489,1.019179874788166,0.0
0.24,3.1,4,0.731641977678159,0.1280579125564376,0.7816513623338991,0.35083988682630085,0.6257737221735271,0.7146466728505397,0.0
0.24,3.1,6,0.7299903383224744,0.1431313086034292,0.7951743403497925,0.5110899204900179,0.8067822541887428,0.9659181289762946,0.0
0.24,3.15,4,0.7322378559293908,0.1255661335033463,0.7793485396665238,0.3254230060372808,0.5958512503496454,0.6828365042897654,0.0
0.24,3.15,6,0.7301739313714248,0.1406089660494065,0.7928785494785667,0.4837963032058996,0.7764927612622778,0.9194530495904469,0.0
0.24,3.2,4,0.7329119660404854,0.123183493798638,0.7774113627213903,0.30239400401354277,0.5672393758970735,0.6578248771762933,0.0007541478129713424
0.24,3.2,6,0.7304496433432365,0.1381968266847273,0.790962852965937,0.4590015966837564,0.747526640816989,0.8792214943231322,0.0
0.24,4.5,6,0.7340830578633817,0.1019291837029784,0.7914532468813799,0.27291723685219194,0.39867228033176294,0.610993917088692,0.0
0.24,4.5,8,0.7336909633326012,0.1146167957899622,0.8140532513173805,0.6066397852299714,0.8558991148188771,1.028888312589219,0.0
0.245,3.0,4,0.7307663546577576,0.134256220980072,0.787237890005505,0.41603326747571623,0.7002059672523349,0.8097231516535641,0.0
0.245,3.05,4,0.7311925920044254,0.131538028399679,0.7842371316491041,0.38582944096909555,0.6675646137592192,0.763071992379299,0.0
0.245,3.1,4,0.7317163135371323,0.128934469270317,0.7816340060089776,0.35823894466910244,0.6362998334435258,0.7245084536709878,0.0
0.245,4.5,8,0.7335982828562967,0.1165514719837023,0.8149500529695752,0.6223236275027766,0.8740425528769088,1.0538404212133614,0.0
